sample	combo
5E1_1_d16	ACGTTACCACCGACAA_GGTACCCTAGGAAGAC
5E1_2_d16	ACGTTACCACCGACAA_CAACACCCAGGAAGAC
5E1_3_d16	ACGTTACCACCGACAA_ATCGGTTCAGGAAGAC
5E1_4_d16	ACGTTACCACCGACAA_TCGGTCAAAGGAAGAC
5E1_5_d16	ACGTTACCACCGACAA_AAGCGCCTAGGAAGAC
5E1_6_d16	ACGTTACCACCGACAA_GCCACACCAGGAAGAC
5E1_7_d16	ACGTTACCACCGACAA_CTGGATGCAGGAAGAC
5E1_8_d16	ACGTTACCACCGACAA_TGATTGACAGGAAGAC
5E2_1_d16	ACGTTACCACCGACAA_GGTACCCTGAGTGGGA
5E2_2_d16	ACGTTACCACCGACAA_CAACACCCGAGTGGGA
5E2_3_d16	ACGTTACCACCGACAA_ATCGGTTCGAGTGGGA
5E2_4_d16	ACGTTACCACCGACAA_TCGGTCAAGAGTGGGA
5E2_5_d16	ACGTTACCACCGACAA_AAGCGCCTGAGTGGGA
5E2_6_d16	ACGTTACCACCGACAA_GCCACACCGAGTGGGA
5E2_7_d16	ACGTTACCACCGACAA_CTGGATGCGAGTGGGA
5E2_8_d16	ACGTTACCACCGACAA_TGATTGACGAGTGGGA
5E3_1_d16	ACGTTACCACCGACAA_GGTACCCTCCACGTCG
5E3_2_d16	ACGTTACCACCGACAA_CAACACCCCCACGTCG
5E3_3_d16	ACGTTACCACCGACAA_ATCGGTTCCCACGTCG
5E3_4_d16	ACGTTACCACCGACAA_TCGGTCAACCACGTCG
5E3_5_d16	ACGTTACCACCGACAA_AAGCGCCTCCACGTCG
5E3_6_d16	ACGTTACCACCGACAA_GCCACACCCCACGTCG
5E3_7_d16	ACGTTACCACCGACAA_CTGGATGCCCACGTCG
5E3_8_d16	ACGTTACCACCGACAA_TGATTGACCCACGTCG
50E1_1_d16	ACGTTACCACCGACAA_GGTACCCTTTCTCAGC
50E1_2_d16	ACGTTACCACCGACAA_CAACACCCTTCTCAGC
50E1_3_d16	ACGTTACCACCGACAA_ATCGGTTCTTCTCAGC
50E1_4_d16	ACGTTACCACCGACAA_TCGGTCAATTCTCAGC
50E1_5_d16	ACGTTACCACCGACAA_AAGCGCCTTTCTCAGC
50E1_6_d16	ACGTTACCACCGACAA_GCCACACCTTCTCAGC
50E1_7_d16	ACGTTACCACCGACAA_CTGGATGCTTCTCAGC
50E1_8_d16	ACGTTACCACCGACAA_TGATTGACTTCTCAGC
50E2_1_d16	ACGTTACCACCGACAA_GGTACCCTCTAGGGAC
50E2_2_d16	ACGTTACCACCGACAA_CAACACCCCTAGGGAC
50E2_3_d16	ACGTTACCACCGACAA_ATCGGTTCCTAGGGAC
50E2_4_d16	ACGTTACCACCGACAA_TCGGTCAACTAGGGAC
50E2_5_d16	ACGTTACCACCGACAA_AAGCGCCTCTAGGGAC
50E2_6_d16	ACGTTACCACCGACAA_GCCACACCCTAGGGAC
50E2_7_d16	ACGTTACCACCGACAA_CTGGATGCCTAGGGAC
50E2_8_d16	ACGTTACCACCGACAA_TGATTGACCTAGGGAC
50E3_1_d16	ACGTTACCACCGACAA_GGTACCCTTGCTTAGA
50E3_2_d16	ACGTTACCACCGACAA_CAACACCCTGCTTAGA
50E3_3_d16	ACGTTACCACCGACAA_ATCGGTTCTGCTTAGA
50E3_4_d16	ACGTTACCACCGACAA_TCGGTCAATGCTTAGA
50E3_5_d16	ACGTTACCACCGACAA_AAGCGCCTTGCTTAGA
50E3_6_d16	ACGTTACCACCGACAA_GCCACACCTGCTTAGA
50E3_7_d16	ACGTTACCACCGACAA_CTGGATGCTGCTTAGA
50E3_8_d16	ACGTTACCACCGACAA_TGATTGACTGCTTAGA
500E1_1_d16	GATCCATGAGTGGCAA_GGTACCCTGCGAAGTG
500E1_2_d16	GATCCATGAGTGGCAA_CAACACCCGCGAAGTG
500E1_3_d16	GATCCATGAGTGGCAA_ATCGGTTCGCGAAGTG
500E1_4_d16	GATCCATGAGTGGCAA_TCGGTCAAGCGAAGTG
500E1_5_d16	GATCCATGAGTGGCAA_AAGCGCCTGCGAAGTG
500E1_6_d16	GATCCATGAGTGGCAA_GCCACACCGCGAAGTG
500E1_7_d16	GATCCATGAGTGGCAA_CTGGATGCGCGAAGTG
500E1_8_d16	GATCCATGAGTGGCAA_TGATTGACGCGAAGTG
500E2_1_d16	GATCCATGAGTGGCAA_GGTACCCTAATCCTAT
500E2_2_d16	GATCCATGAGTGGCAA_CAACACCCAATCCTAT
500E2_3_d16	GATCCATGAGTGGCAA_ATCGGTTCAATCCTAT
500E2_4_d16	GATCCATGAGTGGCAA_TCGGTCAAAATCCTAT
500E2_5_d16	GATCCATGAGTGGCAA_AAGCGCCTAATCCTAT
500E2_6_d16	GATCCATGAGTGGCAA_GCCACACCAATCCTAT
500E2_7_d16	GATCCATGAGTGGCAA_CTGGATGCAATCCTAT
500E2_8_d16	GATCCATGAGTGGCAA_TGATTGACAATCCTAT
500E3_1_d16	GATCCATGAGTGGCAA_GGTACCCTATCTGGAC
500E3_2_d16	GATCCATGAGTGGCAA_CAACACCCATCTGGAC
500E3_3_d16	GATCCATGAGTGGCAA_ATCGGTTCATCTGGAC
500E3_4_d16	GATCCATGAGTGGCAA_TCGGTCAAATCTGGAC
500E3_5_d16	GATCCATGAGTGGCAA_AAGCGCCTATCTGGAC
500E3_6_d16	GATCCATGAGTGGCAA_GCCACACCATCTGGAC
500E3_7_d16	GATCCATGAGTGGCAA_CTGGATGCATCTGGAC
500E3_8_d16	GATCCATGAGTGGCAA_TGATTGACATCTGGAC
CE1_1_d16	GATCCATGAGTGGCAA_GGTACCCTGAGACTGA
CE1_2_d16	GATCCATGAGTGGCAA_CAACACCCGAGACTGA
CE1_3_d16	GATCCATGAGTGGCAA_ATCGGTTCGAGACTGA
CE1_4_d16	GATCCATGAGTGGCAA_TCGGTCAAGAGACTGA
CE1_5_d16	GATCCATGAGTGGCAA_AAGCGCCTGAGACTGA
CE1_6_d16	GATCCATGAGTGGCAA_GCCACACCGAGACTGA
CE1_7_d16	GATCCATGAGTGGCAA_CTGGATGCGAGACTGA
CE1_8_d16	GATCCATGAGTGGCAA_TGATTGACGAGACTGA
CE2_1_d16	GATCCATGAGTGGCAA_GGTACCCTCGATTCCG
CE2_2_d16	GATCCATGAGTGGCAA_CAACACCCCGATTCCG
CE2_3_d16	GATCCATGAGTGGCAA_ATCGGTTCCGATTCCG
CE2_4_d16	GATCCATGAGTGGCAA_TCGGTCAACGATTCCG
CE2_5_d16	GATCCATGAGTGGCAA_AAGCGCCTCGATTCCG
CE2_6_d16	GATCCATGAGTGGCAA_GCCACACCCGATTCCG
CE2_7_d16	GATCCATGAGTGGCAA_CTGGATGCCGATTCCG
CE2_8_d16	GATCCATGAGTGGCAA_TGATTGACCGATTCCG
CE3_1_d16	GATCCATGAGTGGCAA_GGTACCCTTCTCAATC
CE3_2_d16	GATCCATGAGTGGCAA_CAACACCCTCTCAATC
CE3_3_d16	GATCCATGAGTGGCAA_ATCGGTTCTCTCAATC
CE3_4_d16	GATCCATGAGTGGCAA_TCGGTCAATCTCAATC
CE3_5_d16	GATCCATGAGTGGCAA_AAGCGCCTTCTCAATC
CE3_6_d16	GATCCATGAGTGGCAA_GCCACACCTCTCAATC
CE3_7_d16	GATCCATGAGTGGCAA_CTGGATGCTCTCAATC
posctrl_DNA_01	GATCCATGAGTGGCAA_TGATTGACTCTCAATC
5E1_1_d31	GCCTATCACACAGACT_GGTACCCTAGGAAGAC
5E1_2_d31	GCCTATCACACAGACT_CAACACCCAGGAAGAC
5E1_3_d31	GCCTATCACACAGACT_ATCGGTTCAGGAAGAC
5E1_4_d31	GCCTATCACACAGACT_TCGGTCAAAGGAAGAC
5E1_5_d31	GCCTATCACACAGACT_AAGCGCCTAGGAAGAC
5E1_6_d31	GCCTATCACACAGACT_GCCACACCAGGAAGAC
5E1_7_d31	GCCTATCACACAGACT_CTGGATGCAGGAAGAC
5E1_8_d31	GCCTATCACACAGACT_TGATTGACAGGAAGAC
5E2_1_d31	GCCTATCACACAGACT_GGTACCCTGAGTGGGA
5E2_2_d31	GCCTATCACACAGACT_CAACACCCGAGTGGGA
5E2_3_d31	GCCTATCACACAGACT_ATCGGTTCGAGTGGGA
5E2_4_d31	GCCTATCACACAGACT_TCGGTCAAGAGTGGGA
5E2_5_d31	GCCTATCACACAGACT_AAGCGCCTGAGTGGGA
5E2_6_d31	GCCTATCACACAGACT_GCCACACCGAGTGGGA
5E2_7_d31	GCCTATCACACAGACT_CTGGATGCGAGTGGGA
5E2_8_d31	GCCTATCACACAGACT_TGATTGACGAGTGGGA
5E3_1_d31	GCCTATCACACAGACT_GGTACCCTCCACGTCG
5E3_2_d31	GCCTATCACACAGACT_CAACACCCCCACGTCG
5E3_3_d31	GCCTATCACACAGACT_ATCGGTTCCCACGTCG
5E3_4_d31	GCCTATCACACAGACT_TCGGTCAACCACGTCG
5E3_5_d31	GCCTATCACACAGACT_AAGCGCCTCCACGTCG
5E3_6_d31	GCCTATCACACAGACT_GCCACACCCCACGTCG
5E3_7_d31	GCCTATCACACAGACT_CTGGATGCCCACGTCG
5E3_8_d31	GCCTATCACACAGACT_TGATTGACCCACGTCG
50E1_1_d31	GCCTATCACACAGACT_GGTACCCTTTCTCAGC
50E1_2_d31	GCCTATCACACAGACT_CAACACCCTTCTCAGC
50E1_3_d31	GCCTATCACACAGACT_ATCGGTTCTTCTCAGC
50E1_4_d31	GCCTATCACACAGACT_TCGGTCAATTCTCAGC
50E1_5_d31	GCCTATCACACAGACT_AAGCGCCTTTCTCAGC
50E1_6_d31	GCCTATCACACAGACT_GCCACACCTTCTCAGC
50E1_7_d31	GCCTATCACACAGACT_CTGGATGCTTCTCAGC
50E1_8_d31	GCCTATCACACAGACT_TGATTGACTTCTCAGC
50E2_1_d31	GCCTATCACACAGACT_GGTACCCTCTAGGGAC
50E2_2_d31	GCCTATCACACAGACT_CAACACCCCTAGGGAC
50E2_3_d31	GCCTATCACACAGACT_ATCGGTTCCTAGGGAC
50E2_4_d31	GCCTATCACACAGACT_TCGGTCAACTAGGGAC
50E2_5_d31	GCCTATCACACAGACT_AAGCGCCTCTAGGGAC
50E2_6_d31	GCCTATCACACAGACT_GCCACACCCTAGGGAC
50E2_7_d31	GCCTATCACACAGACT_CTGGATGCCTAGGGAC
50E2_8_d31	GCCTATCACACAGACT_TGATTGACCTAGGGAC
50E3_1_d31	GCCTATCACACAGACT_GGTACCCTTGCTTAGA
50E3_2_d31	GCCTATCACACAGACT_CAACACCCTGCTTAGA
50E3_3_d31	GCCTATCACACAGACT_ATCGGTTCTGCTTAGA
50E3_4_d31	GCCTATCACACAGACT_TCGGTCAATGCTTAGA
50E3_5_d31	GCCTATCACACAGACT_AAGCGCCTTGCTTAGA
50E3_6_d31	GCCTATCACACAGACT_GCCACACCTGCTTAGA
50E3_7_d31	GCCTATCACACAGACT_CTGGATGCTGCTTAGA
50E3_8_d31	GCCTATCACACAGACT_TGATTGACTGCTTAGA
500E1_1_d31	AACAACCGCGACACTT_GGTACCCTGCGAAGTG
500E1_2_d31	AACAACCGCGACACTT_CAACACCCGCGAAGTG
500E1_3_d31	AACAACCGCGACACTT_ATCGGTTCGCGAAGTG
500E1_4_d31	AACAACCGCGACACTT_TCGGTCAAGCGAAGTG
500E1_5_d31	AACAACCGCGACACTT_AAGCGCCTGCGAAGTG
500E1_6_d31	AACAACCGCGACACTT_GCCACACCGCGAAGTG
500E1_7_d31	AACAACCGCGACACTT_CTGGATGCGCGAAGTG
500E1_8_d31	AACAACCGCGACACTT_TGATTGACGCGAAGTG
500E2_1_d31	AACAACCGCGACACTT_GGTACCCTAATCCTAT
500E2_2_d31	AACAACCGCGACACTT_CAACACCCAATCCTAT
500E2_3_d31	AACAACCGCGACACTT_ATCGGTTCAATCCTAT
500E2_4_d31	AACAACCGCGACACTT_TCGGTCAAAATCCTAT
500E2_5_d31	AACAACCGCGACACTT_AAGCGCCTAATCCTAT
500E2_6_d31	AACAACCGCGACACTT_GCCACACCAATCCTAT
500E2_7_d31	AACAACCGCGACACTT_CTGGATGCAATCCTAT
500E2_8_d31	AACAACCGCGACACTT_TGATTGACAATCCTAT
500E3_1_d31	AACAACCGCGACACTT_GGTACCCTATCTGGAC
500E3_2_d31	AACAACCGCGACACTT_CAACACCCATCTGGAC
500E3_3_d31	AACAACCGCGACACTT_ATCGGTTCATCTGGAC
500E3_4_d31	AACAACCGCGACACTT_TCGGTCAAATCTGGAC
500E3_5_d31	AACAACCGCGACACTT_AAGCGCCTATCTGGAC
500E3_6_d31	AACAACCGCGACACTT_GCCACACCATCTGGAC
500E3_7_d31	AACAACCGCGACACTT_CTGGATGCATCTGGAC
500E3_8_d31	AACAACCGCGACACTT_TGATTGACATCTGGAC
CE1_1_d31	AACAACCGCGACACTT_GGTACCCTGAGACTGA
CE1_2_d31	AACAACCGCGACACTT_CAACACCCGAGACTGA
CE1_3_d31	AACAACCGCGACACTT_ATCGGTTCGAGACTGA
CE1_4_d31	AACAACCGCGACACTT_TCGGTCAAGAGACTGA
CE1_5_d31	AACAACCGCGACACTT_AAGCGCCTGAGACTGA
CE1_6_d31	AACAACCGCGACACTT_GCCACACCGAGACTGA
CE1_7_d31	AACAACCGCGACACTT_CTGGATGCGAGACTGA
CE1_8_d31	AACAACCGCGACACTT_TGATTGACGAGACTGA
CE2_1_d31	AACAACCGCGACACTT_GGTACCCTCGATTCCG
CE2_2_d31	AACAACCGCGACACTT_CAACACCCCGATTCCG
CE2_3_d31	AACAACCGCGACACTT_ATCGGTTCCGATTCCG
CE2_4_d31	AACAACCGCGACACTT_TCGGTCAACGATTCCG
CE2_5_d31	AACAACCGCGACACTT_AAGCGCCTCGATTCCG
CE2_6_d31	AACAACCGCGACACTT_GCCACACCCGATTCCG
CE2_7_d31	AACAACCGCGACACTT_CTGGATGCCGATTCCG
CE2_8_d31	AACAACCGCGACACTT_TGATTGACCGATTCCG
CE3_1_d31	AACAACCGCGACACTT_GGTACCCTTCTCAATC
CE3_2_d31	AACAACCGCGACACTT_CAACACCCTCTCAATC
CE3_3_d31	AACAACCGCGACACTT_ATCGGTTCTCTCAATC
CE3_4_d31	AACAACCGCGACACTT_TCGGTCAATCTCAATC
CE3_5_d31	AACAACCGCGACACTT_AAGCGCCTTCTCAATC
CE3_6_d31	AACAACCGCGACACTT_GCCACACCTCTCAATC
CE3_7_d31	AACAACCGCGACACTT_CTGGATGCTCTCAATC
posctrl_DNA_02	AACAACCGCGACACTT_TGATTGACTCTCAATC
5E1_1_d71	ACTCGTTGGACTTGTG_GGTACCCTAGGAAGAC
5E1_2_d71	ACTCGTTGGACTTGTG_CAACACCCAGGAAGAC
5E1_3_d71	ACTCGTTGGACTTGTG_ATCGGTTCAGGAAGAC
5E1_4_d71	ACTCGTTGGACTTGTG_TCGGTCAAAGGAAGAC
5E1_5_d71	ACTCGTTGGACTTGTG_AAGCGCCTAGGAAGAC
5E1_6_d71	ACTCGTTGGACTTGTG_GCCACACCAGGAAGAC
5E1_7_d71	ACTCGTTGGACTTGTG_CTGGATGCAGGAAGAC
5E1_8_d71	ACTCGTTGGACTTGTG_TGATTGACAGGAAGAC
5E2_1_d71	ACTCGTTGGACTTGTG_GGTACCCTGAGTGGGA
5E2_2_d71	ACTCGTTGGACTTGTG_CAACACCCGAGTGGGA
5E2_3_d71	ACTCGTTGGACTTGTG_ATCGGTTCGAGTGGGA
5E2_4_d71	ACTCGTTGGACTTGTG_TCGGTCAAGAGTGGGA
5E2_5_d71	ACTCGTTGGACTTGTG_AAGCGCCTGAGTGGGA
5E2_6_d71	ACTCGTTGGACTTGTG_GCCACACCGAGTGGGA
5E2_7_d71	ACTCGTTGGACTTGTG_CTGGATGCGAGTGGGA
5E2_8_d71	ACTCGTTGGACTTGTG_TGATTGACGAGTGGGA
5E3_1_d71	ACTCGTTGGACTTGTG_GGTACCCTCCACGTCG
5E3_2_d71	ACTCGTTGGACTTGTG_CAACACCCCCACGTCG
5E3_3_d71	ACTCGTTGGACTTGTG_ATCGGTTCCCACGTCG
5E3_4_d71	ACTCGTTGGACTTGTG_TCGGTCAACCACGTCG
5E3_5_d71	ACTCGTTGGACTTGTG_AAGCGCCTCCACGTCG
5E3_6_d71	ACTCGTTGGACTTGTG_GCCACACCCCACGTCG
5E3_7_d71	ACTCGTTGGACTTGTG_CTGGATGCCCACGTCG
5E3_8_d71	ACTCGTTGGACTTGTG_TGATTGACCCACGTCG
50E1_1_d71	ACTCGTTGGACTTGTG_GGTACCCTTTCTCAGC
50E1_2_d71	ACTCGTTGGACTTGTG_CAACACCCTTCTCAGC
50E1_3_d71	ACTCGTTGGACTTGTG_ATCGGTTCTTCTCAGC
50E1_4_d71	ACTCGTTGGACTTGTG_TCGGTCAATTCTCAGC
50E1_5_d71	ACTCGTTGGACTTGTG_AAGCGCCTTTCTCAGC
50E1_6_d71	ACTCGTTGGACTTGTG_GCCACACCTTCTCAGC
50E1_7_d71	ACTCGTTGGACTTGTG_CTGGATGCTTCTCAGC
50E1_8_d71	ACTCGTTGGACTTGTG_TGATTGACTTCTCAGC
50E2_1_d71	ACTCGTTGGACTTGTG_GGTACCCTCTAGGGAC
50E2_2_d71	ACTCGTTGGACTTGTG_CAACACCCCTAGGGAC
50E2_3_d71	ACTCGTTGGACTTGTG_ATCGGTTCCTAGGGAC
50E2_4_d71	ACTCGTTGGACTTGTG_TCGGTCAACTAGGGAC
50E2_5_d71	ACTCGTTGGACTTGTG_AAGCGCCTCTAGGGAC
50E2_6_d71	ACTCGTTGGACTTGTG_GCCACACCCTAGGGAC
50E2_7_d71	ACTCGTTGGACTTGTG_CTGGATGCCTAGGGAC
50E2_8_d71	ACTCGTTGGACTTGTG_TGATTGACCTAGGGAC
50E3_1_d71	ACTCGTTGGACTTGTG_GGTACCCTTGCTTAGA
50E3_2_d71	ACTCGTTGGACTTGTG_CAACACCCTGCTTAGA
50E3_3_d71	ACTCGTTGGACTTGTG_ATCGGTTCTGCTTAGA
50E3_4_d71	ACTCGTTGGACTTGTG_TCGGTCAATGCTTAGA
50E3_5_d71	ACTCGTTGGACTTGTG_AAGCGCCTTGCTTAGA
50E3_6_d71	ACTCGTTGGACTTGTG_GCCACACCTGCTTAGA
50E3_7_d71	ACTCGTTGGACTTGTG_CTGGATGCTGCTTAGA
50E3_8_d71	ACTCGTTGGACTTGTG_TGATTGACTGCTTAGA
500E1_1_d71	GTATGCTGGTTCCATG_GGTACCCTGCGAAGTG
500E1_2_d71	GTATGCTGGTTCCATG_CAACACCCGCGAAGTG
500E1_3_d71	GTATGCTGGTTCCATG_ATCGGTTCGCGAAGTG
500E1_4_d71	GTATGCTGGTTCCATG_TCGGTCAAGCGAAGTG
500E1_5_d71	GTATGCTGGTTCCATG_AAGCGCCTGCGAAGTG
500E1_6_d71	GTATGCTGGTTCCATG_GCCACACCGCGAAGTG
500E1_7_d71	GTATGCTGGTTCCATG_CTGGATGCGCGAAGTG
500E1_8_d71	GTATGCTGGTTCCATG_TGATTGACGCGAAGTG
500E2_1_d71	GTATGCTGGTTCCATG_GGTACCCTAATCCTAT
500E2_2_d71	GTATGCTGGTTCCATG_CAACACCCAATCCTAT
500E2_3_d71	GTATGCTGGTTCCATG_ATCGGTTCAATCCTAT
500E2_4_d71	GTATGCTGGTTCCATG_TCGGTCAAAATCCTAT
500E2_5_d71	GTATGCTGGTTCCATG_AAGCGCCTAATCCTAT
500E2_6_d71	GTATGCTGGTTCCATG_GCCACACCAATCCTAT
500E2_7_d71	GTATGCTGGTTCCATG_CTGGATGCAATCCTAT
500E2_8_d71	GTATGCTGGTTCCATG_TGATTGACAATCCTAT
500E3_1_d71	GTATGCTGGTTCCATG_GGTACCCTATCTGGAC
500E3_2_d71	GTATGCTGGTTCCATG_CAACACCCATCTGGAC
500E3_3_d71	GTATGCTGGTTCCATG_ATCGGTTCATCTGGAC
500E3_4_d71	GTATGCTGGTTCCATG_TCGGTCAAATCTGGAC
500E3_5_d71	GTATGCTGGTTCCATG_AAGCGCCTATCTGGAC
500E3_6_d71	GTATGCTGGTTCCATG_GCCACACCATCTGGAC
500E3_7_d71	GTATGCTGGTTCCATG_CTGGATGCATCTGGAC
500E3_8_d71	GTATGCTGGTTCCATG_TGATTGACATCTGGAC
CE1_1_d71	GTATGCTGGTTCCATG_GGTACCCTGAGACTGA
CE1_2_d71	GTATGCTGGTTCCATG_CAACACCCGAGACTGA
CE1_3_d71	GTATGCTGGTTCCATG_ATCGGTTCGAGACTGA
CE1_4_d71	GTATGCTGGTTCCATG_TCGGTCAAGAGACTGA
CE1_5_d71	GTATGCTGGTTCCATG_AAGCGCCTGAGACTGA
CE1_6_d71	GTATGCTGGTTCCATG_GCCACACCGAGACTGA
CE1_7_d71	GTATGCTGGTTCCATG_CTGGATGCGAGACTGA
CE1_8_d71	GTATGCTGGTTCCATG_TGATTGACGAGACTGA
CE2_1_d71	GTATGCTGGTTCCATG_GGTACCCTCGATTCCG
CE2_2_d71	GTATGCTGGTTCCATG_CAACACCCCGATTCCG
CE2_3_d71	GTATGCTGGTTCCATG_ATCGGTTCCGATTCCG
CE2_4_d71	GTATGCTGGTTCCATG_TCGGTCAACGATTCCG
CE2_5_d71	GTATGCTGGTTCCATG_AAGCGCCTCGATTCCG
CE2_6_d71	GTATGCTGGTTCCATG_GCCACACCCGATTCCG
CE2_7_d71	GTATGCTGGTTCCATG_CTGGATGCCGATTCCG
CE2_8_d71	GTATGCTGGTTCCATG_TGATTGACCGATTCCG
CE3_1_d71	GTATGCTGGTTCCATG_GGTACCCTTCTCAATC
CE3_2_d71	GTATGCTGGTTCCATG_CAACACCCTCTCAATC
CE3_3_d71	GTATGCTGGTTCCATG_ATCGGTTCTCTCAATC
CE3_4_d71	GTATGCTGGTTCCATG_TCGGTCAATCTCAATC
CE3_5_d71	GTATGCTGGTTCCATG_AAGCGCCTTCTCAATC
CE3_6_d71	GTATGCTGGTTCCATG_GCCACACCTCTCAATC
CE3_7_d71	GTATGCTGGTTCCATG_CTGGATGCTCTCAATC
posctrl_DNA_03	GTATGCTGGTTCCATG_TGATTGACTCTCAATC
